# $Id: alias,v 1.1 2004/04/18 19:42:43 conall Exp $

alias   Aidan   Aidan Kehoe     <kehoea@parhasard.net>
alias   Aoife   Aoife Dwan      <nidhubha@tcd.ie>
alias   Ash     Aisling Mathews         <ashj@netsoc.tcd.ie>
alias   Bevin   Bevin Redmond   <dookieangel@hotmail.com>
alias   Bill    Billy Doran     <bill@netsoc.tcd.ie>
alias   Bob     James Dunne     <bigbob@netsoc.tcd.ie>
alias   BrendanBruen    Brendan Bruen   <dedruid@netsoc.tcd.ie>
alias   Brian   Brian Brazil	<bbrazil@netsoc.tcd.ie>
alias   Cian    Cian Blackwell  <cian@cianblackwell.com>
alias   Ciara   Ciara Brennan   <cbrenna5@tcd.ie>
alias   Class   Class List      <ba2-list@cs.tcd.ie>
alias   Conall  Conall Bolger   <cobolger@tcd.ie>
alias Conall.net        Conall O\'Brien <conall@conall.net>
alias   Conor   Conor McDermottroe      <conor@mcdermottroe.com>
alias   Dad     Gerry O\'Brien  <gerry@infocad.ie>
alias   Dave    David O\'Loghlin        <dave@ologhlin.com>
alias   Declan  Declan Treanor  <dtreanor@tcd.ie>
alias   DeclanOSullivan Declan O\'Sullivan      <Declan.OSullivan@cs.tcd.ie>
alias   Denise  Denise O\'Connell       <deoconne@tcd.ie>
alias   Diarmo  Diarmaid O\'Cearuil     <ocearuid@tcd.ie>
alias   DonalOMahoney   Donal O\'Mahony         <Donal.OMahony@cs.tcd.ie>
alias   Eamon  Eamon Phelan    <eof@netsoc.tcd.ie>
alias   Eavan   Eavan Blackwell         <eavan@eavan.com>
alias   Edsko   Edsko De Vries          <edsko@netsoc.tcd.ie>
alias   Elaine  Elaine Roche    <rocheem@tcd.ie>
alias   Elena   Elena Wang      <nerd_girl@elenawang.com>
alias   Emma    Emma Curley     <curleye@tcd.ie>
alias   Gary    Gary Coady      <gary@lyranthe.org>
alias   Gerard  Gerard Whyte    <gerard@netsoc.tcd.ie>
alias   Graham  Graham Mooney   <chaos@netsoc.tcd.ie>
alias   Helena  Helena Kim      <helena@targum.net>
alias   HughGibbons     Hugh Gibbons    <Hugh.Gibbons@cs.tcd.ie>
alias   ILUG    Irish Linux Users Group <ilug@linux.ie>
alias   Infocad.ie      Conall O\'Brien <conall@infocad.ie>
alias   Jeremy  Jeremy Humphry  <humphrij@tcd.ie>
alias jim Jimmy Manning <jim@aiteigin.net>
alias   Kev     Kevin Dunne     <dunnekm@tcd.ie>
alias   Kigglymuff      Kieran Flynn    <kgmf@netsoc.tcd.ie>
alias   Lainey  Lorraine Murphy         <laineymurphy@hotmail.com>
alias	Leah      Leah Kennedy    <karatsu_leah@jp-q.ne.jp>
alias Louise  Louise Reilly   <reillyla@tcd.ie>
alias   Mackers Mackers         <grrr@mackers.com>
alias   Mal     Mal McKay       <mal@illyana.com>
alias   Manzke  Michael Manzke  <michael.manzke@cs.tcd.ie>
alias   Mark    Mark Cummins    <mark.cummins@balliol.oxford.ac.uk>
alias   MaryMacken      Mary Macken     <mackenma@iol.ie>
alias   Michael Michael Collins <michael@netsoc.tcd.ie>
alias   MickPearce      Michael Pearce  <hamster@netsoc.tcd.ie>
alias   Mike    Mike Brady      <brady@cs.tcd.ie>
alias   AlanMoore           Alan Moore              <alan.moore@tcd.ie>
alias   Morpheus        Dave Whyte      <morpheus@lesinge.org>
alias   Mum     Orlaith O\'Brien        <oobrien@tcd.ie>
alias   Niall   Niall Feeney    <irokie@netsoc.tcd.ie>
alias   Nithin  Nithin Santhosh         <dude@netsoc.tcd.ie>
alias   Noirin	Noirin Plunkett	<firebird@netsoc.tcd.ie>
alias   Oisin   Oisin O\'Brien          <iwearfuzzyorangeunderpants@hotmail.com>
alias   Oran    Oran Blackwell  <oranblackwell@hotmail.com>
alias   PaulReilly      Paul Reilly     <paulr@maths.tcd.ie>
alias   Phantom         Phantom FM Studio               <studio@phantomfm.com>
alias   Robb    Rob McAdoo      <robb@netsoc.tcd.ie>
alias   Ruaidhri        Ruaidhri Power  <ruaidhri@netsoc.tcd.ie>
alias   Tangney Brendan Tangney         <tangney@tcd.ie>
alias   Tim     Tim Scott       <tim_scott@mgn.co.nz>
alias   TLUG    Trinity Linux Users Group       <tcd-linux-users@tcd.ie>
alias   Tobinjt John Tobin      <tobinjt@netsoc.tcd.ie>
alias   Vicki   Vicki ClarkeMcDermott   <vickicmcd_22@hotmail.com>
alias   Wendy   Wendy Verbruggen        <wendy@netsoc.tcd.ie>
alias   Wilkins David Wilkins   <dwilkins@maths.tcd.ie>
